,Open_time,Open,High,Low,Close,Volume,Close_time
0,1625315400000,294.2,294.54,293.25,293.58,8875.2683,1625316299999
1,1625316300000,293.57,294.08,293.11,293.57,4855.5151,1625317199999
2,1625317200000,293.57,294.0,293.0,293.75,9198.2408,1625318099999
3,1625318100000,293.69,294.44,293.09,294.31,6620.8626,1625318999999
4,1625319000000,294.33,294.35,293.51,293.63,6431.6227,1625319899999
5,1625319900000,293.62,296.38,293.6,295.65,25458.2727,1625320799999
6,1625320800000,295.69,295.9,294.56,295.38,6574.7852,1625321699999
7,1625321700000,295.39,295.5,294.29,295.31,7406.8623,1625322599999
8,1625322600000,295.33,295.35,294.41,294.56,5724.2816,1625323499999
9,1625323500000,294.55,295.75,294.5,295.71,5038.6609,1625324399999
10,1625324400000,295.67,299.29,295.4,298.5,38599.7377,1625325299999
11,1625325300000,298.55,299.18,297.32,297.99,10831.8465,1625326199999
12,1625326200000,297.99,298.19,296.52,297.47,10203.5149,1625327099999
13,1625327100000,297.5,297.92,297.06,297.55,6925.9497,1625327999999
14,1625328000000,297.55,298.67,296.81,297.07,20897.8498,1625328899999
15,1625328900000,297.07,298.23,297.03,298.01,7261.2383,1625329799999
16,1625329800000,298.0,299.0,297.75,297.8,8925.0904,1625330699999
17,1625330700000,297.8,299.0,297.74,298.28,7545.0238,1625331599999
18,1625331600000,298.29,300.0,298.16,299.86,15479.9114,1625332499999
19,1625332500000,299.86,301.07,299.74,300.55,21764.527,1625333399999
20,1625333400000,300.54,303.21,299.75,302.53,25736.972,1625334299999
21,1625334300000,302.51,302.83,300.54,301.23,13405.8384,1625335199999
22,1625335200000,301.23,301.6,300.03,300.32,10935.5514,1625336099999
23,1625336100000,300.31,300.65,298.37,298.71,15363.175,1625336999999
24,1625337000000,298.72,300.0,298.65,299.9,6834.9089,1625337899999
25,1625337900000,299.88,300.15,298.29,298.44,8904.5371,1625338799999
26,1625338800000,298.46,299.56,297.74,298.79,14515.4671,1625339699999
27,1625339700000,298.79,299.5,298.47,299.1,4513.3227,1625340599999
28,1625340600000,299.11,299.73,298.8,299.26,3597.926,1625341499999
29,1625341500000,299.26,299.95,298.88,299.3,7662.6132,1625342399999
30,1625342400000,299.3,299.83,298.93,299.61,5064.0593,1625343299999
31,1625343300000,299.6,300.36,299.4,299.95,5713.0105,1625344199999
32,1625344200000,299.94,300.14,299.35,299.8,7762.623,1625345099999
33,1625345100000,299.8,300.7,299.62,300.48,14265.6863,1625345999999
34,1625346000000,300.47,300.7,299.89,300.51,4067.4276,1625346899999
35,1625346900000,300.51,300.68,299.78,299.96,5524.6102,1625347799999
36,1625347800000,299.97,300.67,299.82,300.63,5075.4435,1625348699999
37,1625348700000,300.64,301.71,297.33,297.33,16758.5504,1625349599999
38,1625349600000,297.44,298.53,297.37,298.06,14260.6649,1625350499999
39,1625350500000,298.05,299.24,295.1,295.6,16882.6043,1625351399999
40,1625351400000,295.63,297.49,294.5,296.72,19045.5254,1625352299999
41,1625352300000,296.73,298.91,296.73,298.38,9526.1236,1625353199999
42,1625353200000,298.43,298.43,295.75,296.14,12784.1736,1625354099999
43,1625354100000,296.1,296.87,295.56,296.32,7893.7485,1625354999999
44,1625355000000,296.32,298.25,296.0,297.88,13588.1106,1625355899999
45,1625355900000,297.89,298.46,297.35,298.13,8025.5333,1625356799999
46,1625356800000,298.18,298.18,296.24,296.33,9984.9472,1625357699999
47,1625357700000,296.31,297.99,296.0,297.56,6270.0408,1625358599999
48,1625358600000,297.55,297.78,296.6,296.71,4699.0292,1625359499999
49,1625359500000,296.71,296.72,295.19,295.29,6189.044,1625360399999
50,1625360400000,295.29,296.1,292.89,294.3,17211.027,1625361299999
51,1625361300000,294.29,294.58,293.07,293.78,8998.2586,1625362199999
52,1625362200000,293.78,294.64,292.58,294.07,11328.9323,1625363099999
53,1625363100000,294.13,294.82,293.34,293.54,5265.0451,1625363999999
54,1625364000000,293.52,294.8,292.62,294.72,7645.9654,1625364899999
55,1625364900000,294.71,295.32,294.4,295.19,3462.5327,1625365799999
56,1625365800000,295.26,295.84,295.0,295.73,4856.8018,1625366699999
57,1625366700000,295.73,295.97,295.01,295.32,3996.816,1625367599999
58,1625367600000,295.31,296.2,294.52,295.87,5237.6867,1625368499999
59,1625368500000,295.84,296.54,295.74,296.45,5382.0675,1625369399999
60,1625369400000,296.46,296.87,295.97,296.35,5631.5161,1625370299999
61,1625370300000,296.35,296.58,295.72,295.78,4534.7749,1625371199999
62,1625371200000,295.79,297.21,295.51,297.12,6363.176,1625372099999
63,1625372100000,297.12,298.0,297.09,297.85,7910.0674,1625372999999
64,1625373000000,297.84,299.68,297.57,299.58,13348.4407,1625373899999
65,1625373900000,299.57,299.92,299.0,299.5,7832.5223,1625374799999
66,1625374800000,299.54,299.6,298.31,298.67,7389.3808,1625375699999
67,1625375700000,298.68,299.19,298.21,298.95,5922.4146,1625376599999
68,1625376600000,298.94,302.38,298.88,302.33,20003.0495,1625377499999
69,1625377500000,302.32,304.0,301.55,303.42,25801.7808,1625378399999
70,1625378400000,303.42,304.25,302.58,303.14,21528.2883,1625379299999
71,1625379300000,303.14,304.99,302.6,304.14,22068.7461,1625380199999
72,1625380200000,304.11,306.31,304.1,305.94,25721.2806,1625381099999
73,1625381100000,305.93,307.87,305.7,306.57,43295.4966,1625381999999
74,1625382000000,306.6,307.41,306.0,306.97,16739.0586,1625382899999
75,1625382900000,306.98,308.79,306.47,307.96,21448.1828,1625383799999
76,1625383800000,307.95,308.47,307.14,308.2,16444.6442,1625384699999
77,1625384700000,308.19,308.97,307.87,308.15,16213.9994,1625385599999
78,1625385600000,308.2,309.0,306.51,306.99,22585.007,1625386499999
79,1625386500000,307.0,307.24,305.13,305.9,24317.9831,1625387399999
80,1625387400000,305.89,306.99,305.6,306.85,14585.2745,1625388299999
81,1625388300000,306.89,307.03,306.5,306.7,5617.3346,1625389199999
82,1625389200000,306.7,306.87,304.36,304.68,15932.2034,1625390099999
83,1625390100000,304.67,305.16,304.03,304.89,10351.1589,1625390999999
84,1625391000000,304.88,305.22,303.96,304.95,11519.557,1625391899999
85,1625391900000,304.95,305.62,304.17,305.06,10840.2873,1625392799999
86,1625392800000,305.06,306.01,304.42,304.81,11955.6155,1625393699999
87,1625393700000,304.81,305.66,304.61,305.18,6571.8153,1625394599999
88,1625394600000,305.14,306.48,305.02,306.42,8204.9227,1625395499999
89,1625395500000,306.42,306.5,306.0,306.22,7024.1891,1625396399999
90,1625396400000,306.23,307.33,306.2,306.75,13555.096,1625397299999
91,1625397300000,306.77,306.79,305.29,306.1,8079.4825,1625398199999
92,1625398200000,306.11,306.99,305.93,306.66,6406.8278,1625399099999
93,1625399100000,306.65,307.11,305.76,306.06,9135.7709,1625399999999
94,1625400000000,306.02,306.18,303.92,303.99,23371.7782,1625400899999
95,1625400900000,304.0,304.96,303.2,304.96,10236.5366,1625401799999
96,1625401800000,304.96,305.53,303.86,304.51,10634.2364,1625402699999
97,1625402700000,304.51,304.98,301.64,302.13,16502.0619,1625403599999
98,1625403600000,302.13,303.89,302.13,302.53,13036.9537,1625404499999
99,1625404500000,302.53,304.63,302.43,303.78,10865.8595,1625405399999
100,1625405400000,303.78,304.34,303.2,303.53,9855.8086,1625406299999
101,1625406300000,303.57,304.21,302.73,303.73,7492.9765,1625407199999
102,1625407200000,303.76,304.92,303.18,304.66,11678.7035,1625408099999
103,1625408100000,304.65,306.84,303.87,305.22,24593.9849,1625408999999
104,1625409000000,305.2,305.3,303.83,304.76,10745.6517,1625409899999
105,1625409900000,304.76,306.48,304.73,306.07,12409.3474,1625410799999
106,1625410800000,306.07,307.0,305.92,306.56,11417.9992,1625411699999
107,1625411700000,306.56,308.48,306.07,307.32,23843.3933,1625412599999
108,1625412600000,307.3,308.85,307.21,308.71,12617.4467,1625413499999
109,1625413500000,308.71,309.79,307.69,309.39,30275.5756,1625414399999
110,1625414400000,309.46,310.63,307.12,309.36,32843.482,1625415299999
111,1625415300000,309.36,309.88,308.26,309.6,17350.3289,1625416199999
112,1625416200000,309.59,309.61,307.89,309.01,16663.4578,1625417099999
113,1625417100000,309.05,309.17,307.33,308.26,15966.8862,1625417999999
114,1625418000000,308.26,308.48,307.41,308.04,10736.3538,1625418899999
115,1625418900000,308.04,309.7,308.04,309.69,14683.9311,1625419799999
116,1625419800000,309.69,312.1,308.99,311.83,32688.1202,1625420699999
117,1625420700000,311.85,313.0,311.42,312.43,28339.3321,1625421599999
118,1625421600000,312.43,313.49,311.18,312.14,32154.4335,1625422499999
119,1625422500000,312.14,313.75,311.7,312.52,18647.024,1625423399999
120,1625423400000,312.51,312.51,311.05,311.37,7897.9944,1625424299999
121,1625424300000,311.37,312.2,310.82,311.91,13398.6719,1625425199999
122,1625425200000,311.9,313.03,311.63,312.34,11958.8167,1625426099999
123,1625426100000,312.34,312.87,311.5,312.37,8700.9301,1625426999999
124,1625427000000,312.37,313.32,312.03,312.69,7762.9887,1625427899999
125,1625427900000,312.66,312.94,311.44,312.46,12998.8415,1625428799999
126,1625428800000,312.47,312.86,311.4,311.66,7524.7208,1625429699999
127,1625429700000,311.61,312.5,311.06,312.48,7781.5091,1625430599999
128,1625430600000,312.46,312.9,311.9,312.65,5831.9728,1625431499999
129,1625431500000,312.64,312.81,312.0,312.4,3785.7469,1625432399999
130,1625432400000,312.36,312.8,311.9,312.35,4418.7003,1625433299999
131,1625433300000,312.36,314.13,312.33,313.95,12992.5514,1625434199999
132,1625434200000,313.96,314.0,313.25,314.0,18601.3096,1625435099999
133,1625435100000,314.0,314.91,313.7,314.43,30334.7687,1625435999999
134,1625436000000,314.41,314.7,312.34,312.81,15426.5544,1625436899999
135,1625436900000,312.8,312.87,311.41,311.8,10677.7177,1625437799999
136,1625437800000,311.8,311.81,310.35,311.08,11363.1281,1625438699999
137,1625438700000,311.08,311.14,306.5,307.46,35302.5664,1625439599999
138,1625439600000,307.46,308.4,305.71,308.29,15686.9937,1625440499999
139,1625440500000,308.28,309.93,307.82,308.47,12706.4215,1625441399999
140,1625441400000,308.44,309.28,307.18,308.08,9484.9291,1625442299999
141,1625442300000,308.07,309.51,307.46,307.62,9716.9888,1625443199999
142,1625443200000,307.63,307.68,304.0,305.65,36661.2372,1625444099999
143,1625444100000,305.61,306.58,304.78,305.88,12767.7795,1625444999999
144,1625445000000,305.87,306.59,305.08,305.39,10874.0081,1625445899999
145,1625445900000,305.33,305.52,303.0,303.41,19409.1686,1625446799999
146,1625446800000,303.41,305.1,302.72,305.04,11018.5941,1625447699999
147,1625447700000,305.0,305.2,300.83,300.94,26625.0353,1625448599999
148,1625448600000,300.93,302.44,298.96,300.16,28197.9069,1625449499999
149,1625449500000,300.14,302.38,300.09,300.83,11670.8806,1625450399999
150,1625450400000,300.84,302.4,300.15,301.1,10276.5669,1625451299999
151,1625451300000,301.11,301.84,299.49,300.4,23081.1395,1625452199999
152,1625452200000,300.41,301.0,299.82,300.14,11273.1727,1625453099999
153,1625453100000,300.18,300.18,297.43,299.46,17747.3833,1625453999999
154,1625454000000,299.47,300.5,297.56,300.47,13438.1217,1625454899999
155,1625454900000,300.47,301.39,299.31,299.92,12228.9327,1625455799999
156,1625455800000,299.93,300.0,298.13,299.94,10978.3183,1625456699999
157,1625456700000,299.94,300.64,297.88,299.95,10755.6117,1625457599999
158,1625457600000,299.92,300.59,297.0,298.15,17042.8329,1625458499999
159,1625458500000,298.15,299.86,297.0,299.72,13473.1162,1625459399999
160,1625459400000,299.71,301.59,299.52,301.3,17102.9127,1625460299999
161,1625460300000,301.3,301.47,298.2,298.56,17929.3108,1625461199999
162,1625461200000,298.62,300.23,298.04,298.51,10586.9035,1625462099999
163,1625462100000,298.51,299.29,297.5,297.89,12336.7867,1625462999999
164,1625463000000,297.9,299.43,297.56,299.28,5175.0885,1625463899999
165,1625463900000,299.29,300.4,298.28,300.31,10726.0168,1625464799999
166,1625464800000,300.31,300.41,298.51,299.85,13260.1539,1625465699999
167,1625465700000,299.9,301.38,299.41,299.72,13671.5078,1625466599999
168,1625466600000,299.72,300.25,299.42,300.2,8558.7212,1625467499999
169,1625467500000,300.16,300.58,299.25,300.5,6631.3897,1625468399999
170,1625468400000,300.5,300.55,299.02,299.2,9329.5962,1625469299999
171,1625469300000,299.21,299.69,298.21,298.81,16244.201,1625470199999
172,1625470200000,298.82,300.21,298.75,299.47,5873.4114,1625471099999
173,1625471100000,299.47,300.41,299.01,300.19,4566.8673,1625471999999
174,1625472000000,300.2,300.95,299.56,300.18,11019.2426,1625472899999
175,1625472900000,300.17,300.24,299.2,299.49,8549.3872,1625473799999
176,1625473800000,299.5,300.49,299.1,300.27,6978.5496,1625474699999
177,1625474700000,300.28,300.89,299.92,300.88,8044.3992,1625475599999
178,1625475600000,300.89,302.88,300.6,302.62,20440.0676,1625476499999
179,1625476500000,302.65,303.16,302.0,303.15,14061.3845,1625477399999
180,1625477400000,303.14,303.48,302.15,302.27,14427.0409,1625478299999
181,1625478300000,302.27,302.5,300.9,302.08,12186.3917,1625479199999
182,1625479200000,302.07,303.7,301.9,303.33,12329.5434,1625480099999
183,1625480100000,303.33,304.76,303.2,304.5,15061.9356,1625480999999
184,1625481000000,304.49,305.78,303.9,305.59,15535.1473,1625481899999
185,1625481900000,305.61,306.07,305.04,305.48,17165.8069,1625482799999
186,1625482800000,305.49,305.99,304.0,304.04,13993.1427,1625483699999
187,1625483700000,304.04,304.06,297.95,299.87,49232.5528,1625484599999
188,1625484600000,299.86,299.88,295.1,296.78,44516.8576,1625485499999
189,1625485500000,296.8,297.49,291.0,293.36,57997.1515,1625486399999
190,1625486400000,293.4,296.46,292.24,294.17,48693.8921,1625487299999
191,1625487300000,294.24,295.89,292.91,294.53,25394.0369,1625488199999
192,1625488200000,294.54,295.77,293.92,294.84,14123.7804,1625489099999
193,1625489100000,294.79,295.0,294.01,294.42,10403.5467,1625489999999
194,1625490000000,294.42,296.68,294.11,296.21,15336.5752,1625490899999
195,1625490900000,296.19,296.78,295.24,296.41,13164.1761,1625491799999
196,1625491800000,296.4,297.0,295.7,296.96,10238.1123,1625492699999
197,1625492700000,296.96,297.59,296.03,296.37,14307.0636,1625493599999
198,1625493600000,296.38,297.31,295.68,296.94,8399.4812,1625494499999
199,1625494500000,296.94,297.82,296.07,296.33,10063.2014,1625495399999
200,1625495400000,296.29,297.75,295.55,297.14,9990.0762,1625496299999
201,1625496300000,297.14,298.48,297.14,298.01,6402.1502,1625497199999
202,1625497200000,298.01,298.53,296.77,297.64,10929.9684,1625498099999
203,1625498100000,297.63,297.83,296.25,296.39,6333.1037,1625498999999
204,1625499000000,296.33,297.17,295.01,296.97,15696.0115,1625499899999
205,1625499900000,296.98,297.97,296.03,296.11,7992.38,1625500799999
206,1625500800000,296.11,297.86,295.8,297.6,10737.7623,1625501699999
207,1625501700000,297.6,298.24,296.9,297.24,8853.732,1625502599999
208,1625502600000,297.23,297.72,297.07,297.4,4596.7165,1625503499999
209,1625503500000,297.42,298.22,296.95,297.53,5708.3473,1625504399999
210,1625504400000,297.53,298.23,297.07,297.99,8818.9033,1625505299999
211,1625505300000,297.99,298.11,296.81,296.86,7625.8057,1625506199999
212,1625506200000,296.84,296.99,293.0,293.52,23504.9013,1625507099999
213,1625507100000,293.49,298.34,293.26,298.34,20543.7619,1625507999999
214,1625508000000,298.32,300.88,298.2,299.91,34875.0745,1625508899999
215,1625508900000,299.91,303.33,299.75,302.58,24220.3063,1625509799999
216,1625509800000,302.58,302.84,301.23,302.06,12045.1262,1625510699999
217,1625510700000,302.07,302.11,300.9,301.5,9260.2061,1625511599999
218,1625511600000,301.5,303.19,301.49,302.88,10658.791,1625512499999
219,1625512500000,302.88,303.72,302.05,302.27,10330.0019,1625513399999
220,1625513400000,302.27,303.46,302.27,303.16,6411.5224,1625514299999
221,1625514300000,303.16,303.3,302.08,302.77,5512.0409,1625515199999
222,1625515200000,302.75,304.29,302.75,303.61,14346.0456,1625516099999
223,1625516100000,303.59,304.25,301.37,302.13,18900.9185,1625516999999
224,1625517000000,302.13,302.97,300.25,301.48,13918.1409,1625517899999
225,1625517900000,301.47,302.63,300.68,302.47,11930.703,1625518799999
226,1625518800000,302.47,306.94,302.41,306.34,40229.6703,1625519699999
227,1625519700000,306.3,307.12,304.94,306.21,14831.9036,1625520599999
228,1625520600000,306.24,306.73,304.99,305.14,12131.1554,1625521499999
229,1625521500000,305.17,306.8,304.88,306.23,11568.075,1625522399999
230,1625522400000,306.25,306.9,305.15,305.55,8096.6322,1625523299999
231,1625523300000,305.48,305.66,304.53,305.41,8103.2766,1625524199999
232,1625524200000,305.4,306.04,303.9,304.5,8130.1932,1625525099999
233,1625525100000,304.5,305.0,303.74,304.03,7513.5058,1625525999999
234,1625526000000,304.03,305.4,304.03,305.0,7166.8327,1625526899999
235,1625526900000,305.0,306.0,304.49,304.93,7315.1681,1625527799999
236,1625527800000,304.9,305.2,303.34,303.43,6199.7162,1625528699999
237,1625528700000,303.4,304.47,301.84,302.02,10614.4734,1625529599999
238,1625529600000,302.04,305.08,301.8,304.58,16742.9669,1625530499999
239,1625530500000,304.57,304.79,302.61,304.23,11616.0917,1625531399999
240,1625531400000,304.28,306.89,303.77,306.59,12072.8323,1625532299999
241,1625532300000,306.62,306.97,305.88,305.97,8431.5685,1625533199999
242,1625533200000,305.98,306.26,303.87,303.99,10704.3331,1625534099999
243,1625534100000,304.0,304.9,303.39,304.71,7462.5463,1625534999999
244,1625535000000,304.74,305.67,304.35,304.93,5213.3707,1625535899999
245,1625535900000,304.95,305.0,302.89,303.16,7736.2317,1625536799999
246,1625536800000,303.2,303.66,302.28,302.72,7448.8923,1625537699999
247,1625537700000,302.71,303.88,302.04,303.15,6418.583,1625538599999
248,1625538600000,303.15,304.08,303.08,303.48,11103.3442,1625539499999
249,1625539500000,303.48,305.15,303.4,305.12,11043.3756,1625540399999
250,1625540400000,305.08,305.23,304.13,304.87,7227.5376,1625541299999
251,1625541300000,304.87,305.87,304.13,305.75,8011.5381,1625542199999
252,1625542200000,305.8,305.9,304.86,305.11,7273.9091,1625543099999
253,1625543100000,305.09,305.5,304.53,305.33,7009.7983,1625543999999
254,1625544000000,305.32,310.47,305.19,310.34,46757.758,1625544899999
255,1625544900000,310.32,314.0,309.8,312.87,47983.1312,1625545799999
256,1625545800000,312.84,315.81,311.61,315.33,45504.4666,1625546699999
257,1625546700000,315.33,315.47,312.99,315.22,29296.8119,1625547599999
258,1625547600000,315.21,317.82,315.14,316.36,76785.5224,1625548499999
259,1625548500000,316.36,321.74,316.36,321.43,95256.4528,1625549399999
260,1625549400000,321.43,322.5,318.59,319.89,71126.3314,1625550299999
261,1625550300000,319.95,320.2,317.86,318.78,25204.7639,1625551199999
262,1625551200000,318.78,319.89,318.65,319.09,22833.2573,1625552099999
263,1625552100000,319.1,320.0,318.25,319.81,24867.5961,1625552999999
264,1625553000000,319.81,319.9,319.26,319.78,14081.9698,1625553899999
265,1625553900000,319.78,319.9,317.1,317.95,25937.0762,1625554799999
266,1625554800000,317.96,318.8,316.54,318.18,24955.2525,1625555699999
267,1625555700000,318.17,319.14,318.15,318.37,14089.6207,1625556599999
268,1625556600000,318.34,318.97,318.0,318.8,9624.9377,1625557499999
269,1625557500000,318.81,321.84,318.0,320.29,41822.9979,1625558399999
270,1625558400000,320.25,321.34,317.85,317.99,31118.6662,1625559299999
271,1625559300000,317.99,319.43,317.25,319.24,20213.7521,1625560199999
272,1625560200000,319.23,319.37,318.53,319.18,10273.466,1625561099999
273,1625561100000,319.2,320.9,319.06,320.19,17681.7305,1625561999999
274,1625562000000,320.19,320.4,312.13,313.66,66928.2965,1625562899999
275,1625562900000,313.63,314.47,306.06,308.65,133899.0881,1625563799999
276,1625563800000,308.65,310.66,307.38,309.24,31922.4016,1625564699999
277,1625564700000,309.16,311.89,309.0,311.02,26299.5216,1625565599999
278,1625565600000,311.07,311.39,306.93,308.46,34779.8686,1625566499999
279,1625566500000,308.46,309.97,307.78,308.09,33438.9819,1625567399999
280,1625567400000,308.02,309.7,307.3,308.52,17670.841,1625568299999
281,1625568300000,308.56,309.32,307.5,309.0,14315.9598,1625569199999
282,1625569200000,308.99,309.73,307.71,308.97,18094.0843,1625570099999
283,1625570100000,308.92,308.94,307.6,308.26,14468.537,1625570999999
284,1625571000000,308.25,311.0,307.51,311.0,18754.9624,1625571899999
285,1625571900000,311.0,313.6,310.8,311.65,31365.8151,1625572799999
286,1625572800000,311.64,314.25,309.03,313.19,37400.622,1625573699999
287,1625573700000,313.15,314.34,311.64,314.16,21806.2681,1625574599999
288,1625574600000,314.17,314.93,313.28,314.72,24756.4711,1625575499999
289,1625575500000,314.73,318.3,314.0,317.46,54953.2849,1625576399999
290,1625576400000,317.46,318.48,315.9,317.41,22470.618,1625577299999
291,1625577300000,317.42,317.61,316.38,317.1,15238.2425,1625578199999
292,1625578200000,317.12,317.25,314.51,315.55,22488.9924,1625579099999
293,1625579100000,315.55,317.5,314.64,317.41,25489.278,1625579999999
294,1625580000000,317.4,318.83,316.03,317.46,22150.1935,1625580899999
295,1625580900000,317.46,317.8,314.66,315.64,24115.768,1625581799999
296,1625581800000,315.63,317.53,315.59,316.76,10108.8894,1625582699999
297,1625582700000,316.73,318.0,316.51,316.89,12485.5033,1625583599999
298,1625583600000,316.89,316.89,313.5,314.46,26608.2573,1625584499999
299,1625584500000,314.46,316.22,314.09,315.96,15964.9642,1625585399999
300,1625585400000,315.96,316.87,314.86,315.57,13915.2578,1625586299999
301,1625586300000,315.56,316.86,314.6,315.94,8378.4314,1625587199999
302,1625587200000,315.94,318.0,315.58,316.67,15308.7595,1625588099999
303,1625588100000,316.67,317.11,314.6,315.66,13487.4672,1625588999999
304,1625589000000,315.67,315.71,314.05,314.2,12996.716,1625589899999
305,1625589900000,314.23,316.75,314.06,316.75,8515.1558,1625590799999
306,1625590800000,316.77,316.77,312.5,312.95,18473.2043,1625591699999
307,1625591700000,312.96,316.49,312.42,315.52,17540.2753,1625592599999
308,1625592600000,315.51,316.2,314.63,315.9,8693.5432,1625593499999
309,1625593500000,315.89,318.08,315.0,317.19,15332.6202,1625594399999
310,1625594400000,317.19,320.88,316.3,319.25,43323.5339,1625595299999
311,1625595300000,319.24,320.59,317.81,318.94,36906.9741,1625596199999
312,1625596200000,318.89,320.2,318.43,319.14,12185.6673,1625597099999
313,1625597100000,319.13,319.14,317.26,318.13,19466.1425,1625597999999
314,1625598000000,318.13,318.28,317.0,317.56,8541.7053,1625598899999
315,1625598900000,317.59,318.0,317.02,317.86,10530.3364,1625599799999
316,1625599800000,317.87,318.33,317.34,318.09,6320.529,1625600699999
317,1625600700000,318.08,319.8,317.72,319.4,17788.519,1625601599999
318,1625601600000,319.41,320.06,318.16,318.32,11503.5156,1625602499999
319,1625602500000,318.3,319.33,317.6,318.75,11143.0889,1625603399999
320,1625603400000,318.73,318.8,317.0,317.18,9687.2717,1625604299999
321,1625604300000,317.19,317.51,315.64,317.19,14665.1317,1625605199999
322,1625605200000,317.2,317.2,314.51,315.63,16124.1856,1625606099999
323,1625606100000,315.87,316.47,315.2,315.58,5184.4085,1625606999999
324,1625607000000,315.58,316.51,315.22,316.0,4436.2607,1625607899999
325,1625607900000,315.97,316.3,313.37,314.88,12258.0911,1625608799999
326,1625608800000,314.82,316.53,314.28,316.52,8121.0185,1625609699999
327,1625609700000,316.52,316.8,315.59,315.86,9196.8201,1625610599999
328,1625610600000,315.88,317.15,315.82,316.99,5594.2164,1625611499999
329,1625611500000,316.99,318.29,316.88,317.81,8136.0951,1625612399999
330,1625612400000,317.81,318.65,317.0,318.42,7096.3448,1625613299999
331,1625613300000,318.41,320.1,318.28,319.38,13057.0326,1625614199999
332,1625614200000,319.37,320.2,318.66,319.96,10795.4378,1625615099999
333,1625615100000,319.98,321.48,318.69,319.92,13300.411,1625615999999
334,1625616000000,319.91,325.0,318.73,324.4,44332.1051,1625616899999
335,1625616900000,324.39,325.0,321.1,321.26,24159.1409,1625617799999
336,1625617800000,321.26,321.29,318.23,320.04,23964.8487,1625618699999
337,1625618700000,320.04,322.62,320.0,322.54,9290.7676,1625619599999
338,1625619600000,322.53,326.89,322.26,325.69,36880.8176,1625620499999
339,1625620500000,325.69,326.59,324.7,325.99,15239.0245,1625621399999
340,1625621400000,325.98,326.34,322.23,324.73,22229.1473,1625622299999
341,1625622300000,324.77,324.77,323.25,324.52,10881.3826,1625623199999
342,1625623200000,324.53,324.91,322.04,322.33,15711.3354,1625624099999
343,1625624100000,322.34,322.95,320.96,322.04,16195.3775,1625624999999
344,1625625000000,322.08,323.5,321.88,323.47,11313.589,1625625899999
345,1625625900000,323.46,325.19,322.78,325.12,14281.08,1625626799999
346,1625626800000,325.12,326.5,323.83,326.4,15137.7874,1625627699999
347,1625627700000,326.4,327.6,325.57,327.41,18443.2019,1625628599999
348,1625628600000,327.42,329.55,326.92,328.01,34605.822,1625629499999
349,1625629500000,328.02,330.0,327.14,328.48,24991.4813,1625630399999
350,1625630400000,328.49,329.38,327.46,327.46,15538.9876,1625631299999
351,1625631300000,327.51,332.63,326.85,331.99,38556.0745,1625632199999
352,1625632200000,331.99,333.0,330.78,331.71,29564.197,1625633099999
353,1625633100000,331.71,332.24,329.67,331.98,32986.099,1625633999999
354,1625634000000,331.98,332.68,329.75,330.44,26572.6907,1625634899999
355,1625634900000,330.44,332.45,329.7,331.37,21273.0794,1625635799999
356,1625635800000,331.31,331.63,329.78,330.32,14317.5446,1625636699999
357,1625636700000,330.39,334.32,330.21,332.76,27582.3729,1625637599999
358,1625637600000,332.78,336.65,332.72,334.23,37952.5266,1625638499999
359,1625638500000,334.21,335.79,333.3,334.55,20854.8676,1625639399999
360,1625639400000,334.55,335.39,334.24,334.38,13227.7975,1625640299999
361,1625640300000,334.4,334.88,332.22,333.71,32790.4251,1625641199999
362,1625641200000,333.74,335.21,333.71,334.29,11282.2835,1625642099999
363,1625642100000,334.29,335.04,333.21,333.94,16648.0488,1625642999999
364,1625643000000,333.94,334.95,333.5,334.58,11967.588,1625643899999
365,1625643900000,334.59,335.32,329.07,331.7,37045.2916,1625644799999
366,1625644800000,331.71,335.4,331.0,334.55,22229.6551,1625645699999
367,1625645700000,334.57,335.0,332.76,333.68,13683.0965,1625646599999
368,1625646600000,333.59,333.6,331.99,332.2,15835.2126,1625647499999
369,1625647500000,332.2,333.35,332.16,332.67,8839.5631,1625648399999
370,1625648400000,332.71,334.07,330.42,330.56,23499.4011,1625649299999
371,1625649300000,330.56,331.8,329.55,331.27,16345.2683,1625650199999
372,1625650200000,331.28,332.82,331.17,332.62,16600.483,1625651099999
373,1625651100000,332.62,332.64,330.89,331.68,9122.1628,1625651999999
374,1625652000000,331.68,331.9,328.13,330.05,26093.5202,1625652899999
375,1625652900000,330.03,330.54,329.39,329.66,10112.5469,1625653799999
376,1625653800000,329.65,331.63,329.6,330.58,10166.7492,1625654699999
377,1625654700000,330.58,331.46,329.27,329.63,16138.2533,1625655599999
378,1625655600000,329.68,332.47,328.9,332.08,18260.7936,1625656499999
379,1625656500000,332.11,333.57,331.13,333.09,22615.8387,1625657399999
380,1625657400000,333.12,334.3,332.55,333.5,15558.9955,1625658299999
381,1625658300000,333.48,333.77,332.65,333.39,8504.0348,1625659199999
382,1625659200000,333.39,335.89,332.98,335.74,24016.4101,1625660099999
383,1625660100000,335.73,336.84,335.0,335.61,24847.6643,1625660999999
384,1625661000000,335.61,337.0,333.78,334.15,25496.9493,1625661899999
385,1625661900000,334.06,337.0,333.97,335.33,34043.5021,1625662799999
386,1625662800000,335.34,337.97,335.13,335.82,19685.3949,1625663699999
387,1625663700000,335.83,335.92,334.43,335.84,11088.8081,1625664599999
388,1625664600000,335.83,337.05,335.56,336.6,17246.053,1625665499999
389,1625665500000,336.6,339.2,336.52,338.39,29647.4289,1625666399999
390,1625666400000,338.4,340.0,336.0,338.31,44520.3071,1625667299999
391,1625667300000,338.29,338.75,336.54,336.74,18664.7933,1625668199999
392,1625668200000,336.74,337.61,333.47,334.0,32169.236,1625669099999
393,1625669100000,334.0,335.77,333.86,334.87,24960.0497,1625669999999
394,1625670000000,334.87,336.57,334.71,335.85,15348.1758,1625670899999
395,1625670900000,335.86,336.6,334.18,335.01,22874.1715,1625671799999
396,1625671800000,335.02,335.69,333.0,334.75,17993.3682,1625672699999
397,1625672700000,334.75,335.5,333.57,334.42,13647.5112,1625673599999
398,1625673600000,334.42,334.8,330.83,333.89,27225.23,1625674499999
399,1625674500000,333.87,335.5,333.33,334.59,13231.6767,1625675399999
400,1625675400000,334.67,336.25,334.02,335.5,12464.6573,1625676299999
401,1625676300000,335.5,335.54,334.01,334.78,6964.6693,1625677199999
402,1625677200000,334.79,335.33,333.92,335.27,7134.5797,1625678099999
403,1625678100000,335.27,335.9,333.9,334.11,10664.4595,1625678999999
404,1625679000000,334.1,334.97,333.54,334.51,5855.8978,1625679899999
405,1625679900000,334.52,336.3,334.49,335.54,10742.8021,1625680799999
406,1625680800000,335.54,337.44,334.56,336.88,13608.5619,1625681699999
407,1625681700000,336.87,337.08,336.05,336.57,7182.8241,1625682599999
408,1625682600000,336.57,338.33,336.25,337.91,9551.0106,1625683499999
409,1625683500000,337.92,338.33,336.99,337.75,14725.8282,1625684399999
410,1625684400000,337.76,338.99,337.23,338.17,13259.7295,1625685299999
411,1625685300000,338.14,338.32,336.55,337.27,8848.0096,1625686199999
412,1625686200000,337.26,338.43,336.88,338.33,7647.4417,1625687099999
413,1625687100000,338.33,339.02,337.1,337.66,10994.4044,1625687999999
414,1625688000000,337.69,337.71,336.28,337.07,12092.6569,1625688899999
415,1625688900000,337.01,337.44,336.65,336.76,5637.6964,1625689799999
416,1625689800000,336.76,336.76,335.35,335.92,7972.5525,1625690699999
417,1625690700000,335.92,337.24,335.67,336.14,9380.0457,1625691599999
418,1625691600000,336.1,336.1,335.0,335.56,7534.0812,1625692499999
419,1625692500000,335.55,335.56,333.0,333.98,16807.056,1625693399999
420,1625693400000,333.98,334.46,331.83,332.57,14626.7869,1625694299999
421,1625694300000,332.59,334.52,332.59,334.13,10521.0598,1625695199999
422,1625695200000,334.14,334.24,332.19,332.73,13094.5488,1625696099999
423,1625696100000,332.73,334.22,330.86,333.92,15250.9194,1625696999999
424,1625697000000,333.95,334.07,332.29,333.45,9147.7298,1625697899999
425,1625697900000,333.45,333.5,331.26,332.48,7933.3276,1625698799999
426,1625698800000,332.49,332.49,323.89,327.21,65696.9385,1625699699999
427,1625699700000,327.23,330.0,326.82,327.89,14288.2633,1625700599999
428,1625700600000,327.9,328.76,325.98,327.58,21160.7962,1625701499999
429,1625701500000,327.61,329.37,326.33,327.51,12139.8709,1625702399999
430,1625702400000,327.51,328.21,324.58,324.87,24733.9921,1625703299999
431,1625703300000,324.88,325.28,320.0,320.72,52579.5739,1625704199999
432,1625704200000,320.75,321.48,317.13,320.78,49863.6888,1625705099999
433,1625705100000,320.74,322.82,319.18,319.33,28199.4347,1625705999999
434,1625706000000,319.33,323.58,318.98,322.92,26431.1657,1625706899999
435,1625706900000,322.89,323.19,320.9,321.66,14637.0455,1625707799999
436,1625707800000,321.59,323.32,320.41,322.44,14305.8689,1625708699999
437,1625708700000,322.44,323.96,321.59,321.98,17032.6689,1625709599999
438,1625709600000,322.04,324.8,321.29,324.78,14870.9753,1625710499999
439,1625710500000,324.68,324.76,323.02,323.52,15377.123,1625711399999
440,1625711400000,323.47,324.0,322.24,323.1,11409.5567,1625712299999
441,1625712300000,323.04,324.5,323.01,324.44,10345.9275,1625713199999
442,1625713200000,324.45,324.53,319.23,321.04,25129.7869,1625714099999
443,1625714100000,321.04,322.67,319.71,321.29,17011.3148,1625714999999
444,1625715000000,321.35,323.49,321.11,322.99,12576.2574,1625715899999
445,1625715900000,322.99,323.0,321.5,321.97,13149.7877,1625716799999
446,1625716800000,321.96,321.96,320.0,320.66,14666.7092,1625717699999
447,1625717700000,320.66,321.78,319.93,320.1,17137.4357,1625718599999
448,1625718600000,320.07,320.74,316.5,317.21,31549.3276,1625719499999
449,1625719500000,317.21,320.12,316.26,319.3,17518.8357,1625720399999
450,1625720400000,319.31,321.37,319.11,319.97,17015.0687,1625721299999
451,1625721300000,319.98,320.51,318.0,318.72,11415.6256,1625722199999
452,1625722200000,318.72,319.23,316.5,316.57,16415.1013,1625723099999
453,1625723100000,316.55,318.4,314.56,314.56,26924.6269,1625723999999
454,1625724000000,314.56,321.91,314.33,321.43,39967.1906,1625724899999
455,1625724900000,321.41,322.81,320.35,320.64,19959.0923,1625725799999
456,1625725800000,320.61,321.02,317.6,317.88,17153.9183,1625726699999
457,1625726700000,317.9,319.55,317.32,317.89,14752.5144,1625727599999
458,1625727600000,317.88,320.95,317.81,320.68,15727.3609,1625728499999
459,1625728500000,320.62,320.72,317.13,317.2,11678.5586,1625729399999
460,1625729400000,317.2,317.21,311.41,313.43,56701.6694,1625730299999
461,1625730300000,313.49,313.55,310.03,312.9,36888.4832,1625731199999
462,1625731200000,312.94,313.92,310.0,311.55,36837.6607,1625732099999
463,1625732100000,311.55,313.75,311.45,311.73,20687.9424,1625732999999
464,1625733000000,311.73,313.53,311.67,313.5,16191.6678,1625733899999
465,1625733900000,313.5,315.88,312.52,315.73,23680.4385,1625734799999
466,1625734800000,315.72,316.85,313.15,313.71,26154.7984,1625735699999
467,1625735700000,313.68,315.27,313.16,314.86,12403.7537,1625736599999
468,1625736600000,314.85,316.34,314.64,315.03,11816.9924,1625737499999
469,1625737500000,315.01,315.71,314.03,314.6,9721.9132,1625738399999
470,1625738400000,314.6,316.0,313.74,315.97,11785.3493,1625739299999
471,1625739300000,315.97,316.7,314.88,316.5,9961.743,1625740199999
472,1625740200000,316.51,317.5,315.71,316.72,13077.5551,1625741099999
473,1625741100000,316.72,316.79,314.33,314.45,13664.1547,1625741999999
474,1625742000000,314.46,314.62,311.18,313.15,33279.368,1625742899999
475,1625742900000,313.14,315.09,312.91,314.67,15842.735,1625743799999
476,1625743800000,314.6,316.4,314.05,316.18,16384.5062,1625744699999
477,1625744700000,316.18,317.25,315.21,317.11,12056.4103,1625745599999
478,1625745600000,317.13,317.15,314.6,315.29,15174.7203,1625746499999
479,1625746500000,315.29,316.0,314.69,315.54,17348.6313,1625747399999
480,1625747400000,315.54,318.3,315.31,316.39,41198.261,1625748299999
481,1625748300000,316.39,316.42,314.26,314.8,11917.7915,1625749199999
482,1625749200000,314.8,315.29,313.08,314.98,14361.0533,1625750099999
483,1625750100000,314.97,315.54,313.54,313.86,8532.2884,1625750999999
484,1625751000000,313.85,314.67,311.54,311.93,25069.3928,1625751899999
485,1625751900000,311.96,314.0,311.56,313.05,12052.2326,1625752799999
486,1625752800000,313.05,314.99,312.69,314.7,10268.0899,1625753699999
487,1625753700000,314.7,315.23,312.93,314.0,22559.4897,1625754599999
488,1625754600000,314.0,314.39,312.27,313.68,26693.4961,1625755499999
489,1625755500000,313.67,314.28,312.52,313.93,23999.3174,1625756399999
490,1625756400000,313.96,314.78,312.79,314.39,13979.9248,1625757299999
491,1625757300000,314.38,315.94,314.09,315.78,14794.6523,1625758199999
492,1625758200000,315.77,315.95,314.46,315.46,10658.0142,1625759099999
493,1625759100000,315.43,316.46,314.78,316.22,11345.794,1625759999999
494,1625760000000,316.18,316.5,314.47,314.74,15498.7592,1625760899999
495,1625760900000,314.71,314.97,313.7,314.77,10127.4339,1625761799999
496,1625761800000,314.76,315.84,313.55,313.7,9176.2963,1625762699999
497,1625762700000,313.7,315.91,313.5,315.35,9761.2187,1625763599999
498,1625763600000,315.4,316.2,314.29,314.5,11861.8445,1625764499999
499,1625764500000,314.48,315.3,314.38,315.18,3494.9039,1625765399999
